publisher,avg_net_score,game_count,total_net_score
Valve,786956.8461538461,13,1.0230439E7
FromSoftware,257639.57142857142,7,1803477.0
CD PROJEKT RED,225073.0,6,1350438.0
Rockstar Games,208085.81818181818,11,2288944.0
SCS Software,161813.66666666666,6,970882.0
Larian Studios,112257.75,8,898062.0
Aspyr (Linux),111503.66666666667,6,669022.0
Aspyr (Mac),87992.5,10,879925.0
KRAFTON,82752.83333333333,6,496517.0
Supergiant Games,78010.6,5,390053.0
Coffee Stain Publishing,77330.92857142857,14,1082633.0
Behaviour Interactive Inc.,77141.66666666667,6,462850.0
Landfall,66186.28571428571,7,463304.0
Klei Entertainment,65596.54545454546,11,721562.0
Bandai Namco Entertainment,64980.22222222222,27,1754466.0
PlayStation Publishing LLC,56152.36842105263,19,1066895.0
Bethesda Softworks,50851.61111111111,36,1830658.0
Ninja Kiwi,47640.5,8,381124.0
Feral Interactive (Linux),46737.5,18,841275.0
WB Games,45959.0,6,275754.0
Gaijin Network Ltd,45511.666666666664,6,273070.0
Warner Bros. Games,44284.666666666664,15,664270.0
Snail Games USA,43323.833333333336,12,519886.0
CAPCOM Co.,38319.38888888889,36,1379498.0
Feral Interactive (Mac),33212.27272727273,33,1096005.0
Avalanche Studios,32361.4,5,161807.0
The Behemoth,31753.0,6,190518.0
Xbox Game Studios,31672.30188679245,53,1678632.0
Crytek,28396.2,5,141981.0
Bohemia Interactive,27799.70588235294,17,472595.0
Gearbox Publishing,27668.76923076923,13,359694.0
2K,27623.61224489796,49,1353557.0
Playstack,27055.5,6,162333.0
Running With Scissors,26291.6,5,131458.0
Ubisoft,25649.127659574468,94,2411018.0
Crystal Dynamics,24673.11111111111,18,444116.0
Electronic Arts,24457.505747126437,87,2127803.0
Frontier Developments,23192.272727272728,11,255115.0
Giants Software,21768.375,8,174147.0
Scott Cawthon,21701.375,8,173611.0
Paradox Interactive,20016.526315789473,57,1140942.0
Private Division,19847.714285714286,7,138934.0
CRITICAL REFLEX,19583.666666666668,6,117502.0
Panic,19459.4,5,97297.0
Tripwire Interactive,18988.5,8,151908.0
Freebird Games,18638.166666666668,6,111829.0
Nicalis,17776.315789473683,19,337750.0
Frictional Games,17408.0,5,87040.0
Warner Bros. Interactive Entertainment,17137.74074074074,27,462719.0
Feral interactive (Linux),17072.2,5,85361.0
New Blood Interactive,17041.083333333332,12,204493.0
Playsaurus,17024.0,8,136192.0
Deep Silver,16971.457142857143,35,594001.0
Relic Entertainment,16927.5,6,101565.0
Fatshark,16837.222222222223,9,151535.0
Frozen District,16298.5,6,97791.0
Arc Games,15073.727272727272,11,165811.0
Chucklefish,14815.727272727272,11,162973.0
11 bit studios,14692.882352941177,17,249779.0
bilibili,14531.285714285714,7,101719.0
Fireproof Games,14424.4,5,72122.0
Total Mayhem Games,14199.6,5,70998.0
Jagex Ltd,12775.5,8,102204.0
Edmund McMillen,12322.0,5,61610.0
Skybound Games,12266.92857142857,14,171737.0
Shiro Games,12178.714285714286,7,85251.0
Annapurna Interactive,12140.466666666667,30,364214.0
Eidos Interactive Corp.,12120.0,5,60600.0
Capcom,12114.09090909091,22,266510.0
SEGA,11854.735294117647,102,1209183.0
Bandai Namco Entertainment Inc.,11630.6,10,116306.0
NEOWIZ,11462.153846153846,13,149008.0
Activision,10860.528301886792,53,575608.0
Telltale,10706.0,5,53530.0
Cygames,9897.0,5,49485.0
Focus Entertainment,9707.050847457627,59,572716.0
Team17,9686.78947368421,38,368098.0
Hooded Horse,9344.857142857143,14,130828.0
Square Enix,8545.089285714286,112,957050.0
KONAMI,8508.645161290322,31,263768.0
Devolver Digital,8411.017699115044,113,950445.0
Stress Level Zero,8227.4,5,41137.0
BANDAI NAMCO Entertainment,8091.474576271186,59,477397.0
Rusty Lake,7906.125,8,63249.0
NEXT Studios,7882.6,5,39413.0
Funcom,7846.357142857143,14,109849.0
505 Games,7841.55,40,313662.0
Ubisoft Entertainment,7490.428571428572,7,52433.0
Curve Games,7420.717948717948,39,289408.0
Ysbryd Games,7221.5,6,43329.0
VALOFE,7030.714285714285,7,49215.0
Hyper Hippo Games,6695.857142857143,7,46871.0
Inc.,6405.149769585253,434,2779835.0
Excalibur Games,6315.0,6,37890.0
Robot Entertainment,6212.833333333333,6,37277.0
Suspicious Developments,6193.0,5,30965.0
Humble Games,6175.395348837209,43,265542.0
Spiral Up Games,6164.5,6,36987.0
Kepler Interactive,6075.666666666667,9,54681.0
Agafonoff,6057.0,7,42399.0
二色幽紫蝶,5737.8,5,28689.0
Eugen Systems,5660.0,6,33960.0
Brace Yourself Games,5625.2,5,28126.0
Ironhide Game Studio,5612.375,8,44899.0
Beamdog,5482.428571428572,7,38377.0
WSS playground,5390.416666666667,12,64685.0
FireFly Studios,5183.222222222223,9,46649.0
XD,5107.75,8,40862.0
Ltd.,5092.191222570533,319,1624409.0
Amanita Design,5005.625,8,40045.0
tobspr Games,4878.0,5,24390.0
4Divinity,4877.0,5,24385.0
SMG Studio,4766.2,5,23831.0
CI Games,4679.0,8,37432.0
Atelier 801,4671.6,5,23358.0
META Publishing,4489.714285714285,7,31428.0
IndieArk,4477.771428571428,35,156722.0
Bloober Team SA,4403.428571428572,7,30824.0
SmashGames,4280.0,5,21400.0
ustwo games,4111.6,5,20558.0
Rebellion,3949.7741935483873,31,122443.0
Awesome Games Studio,3946.0,6,23676.0
Frontier Foundry,3841.4,5,19207.0
Kitfox Games,3819.090909090909,11,42010.0
DrinkBox Studios,3808.0,5,19040.0
Fireshine Games,3727.823529411765,17,63373.0
Serenity Forge,3702.315789473684,19,70344.0
tinyBuild,3655.2179487179487,78,285107.0
Gameloft,3627.8,5,18139.0
Double Fine Productions,3627.1666666666665,12,43526.0
HypeTrain Digital,3594.4761904761904,21,75484.0
Telltale Games,3592.0,5,17960.0
Kalypso Media,3552.866666666667,15,53293.0
HFM Games,3457.5,12,41490.0
Milkstone Studios,3375.222222222222,9,30377.0
Finji,3353.818181818182,11,36892.0
Alawar,3237.176470588235,17,55032.0
Raw Fury,3236.4666666666667,45,145641.0
PlayWay S.A.,3196.19801980198,101,322816.0
NeocoreGames,3174.8888888888887,9,28574.0
Prime Matter,3169.3333333333335,12,38032.0
DU&I,3085.6,5,15428.0
Dovetail Games - TSW,3077.0,5,15385.0
PM Studios,3048.4444444444443,9,27436.0
Frozenbyte,2839.0,6,17034.0
indienova,2832.9032258064517,31,87820.0
LucasArts,2832.5833333333335,12,33991.0
Gamera Games,2783.390804597701,87,242155.0
Toplitz Productions,2765.764705882353,17,47018.0
Gamious,2728.8333333333335,6,16373.0
Tripwire Presents,2725.6,5,13628.0
THQ Nordic,2707.6470588235293,119,322210.0
Secret Mode,2688.0714285714284,14,37633.0
Daedalic Entertainment,2684.9523809523807,84,225536.0
No More Robots,2665.5,14,37317.0
Dotemu,2607.846153846154,13,33902.0
Quiet River,2592.6666666666665,24,62224.0
Lightning Games,2584.25,12,31011.0
Riot Forge,2554.8333333333335,6,15329.0
GB Patch Games,2546.8,5,12734.0
Spike Chunsoft Co.,2498.6603773584907,53,132429.0
Paras Games,2454.5,8,19636.0
Arc System Works,2453.6969696969695,33,80972.0
inXile Entertainment,2428.6,10,24286.0
Akupara Games,2379.964285714286,28,66639.0
Toffee Cafe,2359.3333333333335,6,14156.0
Mayflower Entertainment,2302.0,8,18416.0
Nuuvem Inc,2286.0,6,13716.0
Kepler Ghost,2275.8571428571427,7,15931.0
Kasedo Games,2255.0833333333335,12,27061.0
DANGEN Entertainment,2244.0,18,40392.0
Yooreka Studio,2234.2,5,11171.0
Yacht Club Games,2222.625,8,17781.0
Matt Roszak,2201.4,5,11007.0
NVLMaker,2201.235294117647,17,37421.0
Cheesecake Dev,2184.5,8,17476.0
Maciej Targoni,2178.8571428571427,7,15252.0
Erabit,2151.6428571428573,14,30123.0
PLAYISM,2109.9363636363637,110,232093.0
HeartBeat Games,2092.4545454545455,11,23017.0
Devcats,2063.6,5,10318.0
Fellow Traveller,2048.5384615384614,26,53262.0
Destructive Creations,2043.5454545454545,11,22479.0
SakuraGame,2022.7826086956522,23,46524.0
Novalink,2021.142857142857,7,14148.0
astragon Entertainment,2020.0526315789473,19,38381.0
Blue Brain Games,2010.8,5,10054.0
Rogueside,2005.5,6,12033.0
NekoNyan Ltd.,1998.8461538461538,26,51970.0
HIKARI FIELD,1995.8333333333333,42,83825.0
Lucasfilm,1992.3157894736842,19,37854.0
UPLAY Online,1948.4,5,9742.0
2P Games,1925.764705882353,34,65476.0
Good Shepherd Entertainment,1923.5357142857142,28,53859.0
Games Operators,1917.4,15,28761.0
CAPCOM CO.,1900.3333333333333,6,11402.0
Frogwares,1889.5833333333333,12,22675.0
Movie Games S.A.,1869.1666666666667,12,22430.0
Infogrames,1866.625,8,14933.0
Bithell Games,1853.0,6,11118.0
Stray Fawn Publishing,1847.125,8,14777.0
Cold Beam Games,1818.8,5,9094.0
UpgradePoint,1798.888888888889,9,16190.0
Alda Games,1792.3333333333333,6,10754.0
Neon Doctrine,1787.5,22,39325.0
Stardock Entertainment,1786.95,20,35739.0
Team17 Digital Ltd,1779.8148148148148,27,48055.0
Zachtronics,1765.8,15,26487.0
Knuckle Cracker,1764.3333333333333,6,10586.0
VisualArts,1754.1666666666667,6,10525.0
Thunderful Publishing,1722.3076923076924,13,22390.0
Renderise,1722.142857142857,7,12055.0
Lil Hentai Games,1717.857142857143,7,12025.0
Doyoyo Games,1698.8333333333333,12,20386.0
Pixelatto,1692.4,5,8462.0
Coatsink,1690.1818181818182,11,18592.0
Yogscast Games,1683.5,18,30303.0
The Arcade Crew,1671.5555555555557,9,15044.0
Paradox Arc,1640.1666666666667,6,9841.0
WhisperGames,1625.5833333333333,60,97535.0
KOEI TECMO GAMES CO.,1624.3085106382978,94,152685.0
GirlGames,1611.0,9,14499.0
Marvelous USA,1602.204081632653,49,78508.0
XSEED Games,1587.8181818181818,55,87330.0
David Szymanski,1578.9,10,15789.0
Surefire.Games,1558.5454545454545,22,34288.0
Toge Productions,1553.0,17,26401.0
Awaken Realms,1553.0,8,12424.0
NPC Entertainment,1548.5333333333333,15,23228.0
Deck13,1539.0,18,27702.0
ToastieLabs,1536.1666666666667,6,9217.0
DSGame,1525.7,20,30514.0
Unusualsoft,1518.8,5,7594.0
Idea Factory International,1513.1935483870968,31,46909.0
Spry Fox LLC,1492.8,5,7464.0
Kongregate,1462.4285714285713,7,10237.0
H2 Interactive Co.,1462.3076923076924,13,19010.0
Self Published,1458.6666666666667,6,8752.0
Randumb Studios,1456.5,24,34956.0
Joystick Ventures,1452.4,5,7262.0
Merge Games,1450.7777777777778,9,13057.0
Team17 Digital,1423.5,6,8541.0
Matthew Brown,1419.0,10,14190.0
SUPERHOT PRESENTS,1402.8333333333333,6,8417.0
Marvelous Europe,1394.4375,16,22311.0
Corvostudio di Amadei Marco,1382.0,5,6910.0
Ice Water Games,1362.5,6,8175.0
Maple Whispering Limited,1354.483870967742,31,41989.0
Bedtime Digital Games,1341.2,5,6706.0
Kalypso Media Digital,1318.142857142857,21,27681.0
EMIKA_GAMES,1310.8333333333333,6,7865.0
DreadXP,1308.7222222222222,18,23557.0
Future Friends Games,1306.9,10,13069.0
Might and Delight,1305.909090909091,11,14365.0
DON'T NOD,1303.2,5,6516.0
Nacon,1299.736111111111,72,93581.0
MyACG Studio,1287.8333333333333,6,7727.0
Marvelous,1286.0,14,18004.0
Graffiti Games,1278.7142857142858,14,17902.0
Versus Evil,1267.2173913043478,23,29146.0
Transhuman Design,1264.0,5,6320.0
Twin Sails Interactive,1263.3636363636363,22,27794.0
SNK CORPORATION,1253.7307692307693,26,32597.0
Aniplex Inc.,1221.857142857143,7,8553.0
SimonCreative,1210.0,7,8470.0
101XP,1192.0,9,10728.0
Hyperstrange,1169.0833333333333,12,14029.0
Crytivo,1153.642857142857,14,16151.0
Kwalee,1150.4285714285713,7,8053.0
Luden.io,1150.1666666666667,6,6901.0
Microids Indie,1144.2,5,5721.0
Vertigo Gaming Inc.,1143.0,8,9144.0
Jackbox Games,1126.1739130434783,23,25902.0
Alientrap,1120.75,8,8966.0
LTD.,1114.5408805031448,159,177212.0
Wadjet Eye Games,1111.5714285714287,14,15562.0
Reflect Studios,1109.4,5,5547.0
MicroProse Software,1108.4444444444443,27,29928.0
熊窝dodox,1107.0,5,5535.0
Lighthouse Games Studio,1103.8333333333333,6,6623.0
Blue Wizard Digital,1103.6666666666667,6,6622.0
Aspyr,1098.2,10,10982.0
Wise Games,1078.142857142857,7,7547.0
Adamvision Studios,1068.0,11,11748.0
Haemimont Games,1064.2,5,5321.0
Pixeljam,1055.375,16,16886.0
Hello There Games,1047.8,5,5239.0
Dear Villagers,1041.6486486486488,37,38541.0
Coconut Island Games,1032.5,8,8260.0
INC.,1026.1666666666667,6,6157.0
InterAction studios,1024.0,5,5120.0
Armor Games Studios,1015.4358974358975,39,39602.0
Milestone S.r.l.,1014.5428571428571,35,35509.0
VaragtP,1011.5,6,6069.0
Modern Wolf,1008.0,10,10080.0
Gaijin Games,999.5,6,5997.0
Assemble Entertainment,997.0444444444445,45,44867.0
D3PUBLISHER,991.6,25,24790.0
Zeboyd Digital Entertainment LLC,986.4,5,4932.0
Dire Wolf,972.8333333333334,12,11674.0
Positech Games,972.0,12,11664.0
2 Left Thumbs,961.3636363636364,11,10575.0
Wired Productions,956.2222222222222,18,17212.0
Hamster On Coke Games,952.0,5,4760.0
Owlchemy Labs,948.3333333333334,6,5690.0
Thermite Games,941.1428571428571,7,6588.0
Pretty Soon,937.125,8,7497.0
Marmalade Game Studio Ltd,927.4285714285714,7,6492.0
Tate Multimedia,912.3,10,9123.0
PeriScope Game,909.0,9,8181.0
Digital Happiness,905.6,5,4528.0
LLC,897.8126721763085,363,325906.0
L. Stotch,884.2142857142857,14,12379.0
Fruitbat Factory,880.8125,32,28186.0
MoeNovel,872.75,8,6982.0
Fulqrum Publishing,872.6847826086956,92,80287.0
AZAMATIKA,863.4285714285714,7,6044.0
Sekai Project,860.7432432432432,148,127390.0
Topware Interactive,856.5833333333334,12,10279.0
Zen Studios,856.4285714285714,7,5995.0
Ludosity,856.4,10,8564.0
Aerosoft GmbH,852.0322580645161,31,26413.0
Playtonic Friends,843.8,10,8438.0
JAST,843.6153846153846,26,21934.0
Duality Games,843.0,5,4215.0
NukGames,840.3,10,8403.0
Goblinz Publishing,839.6153846153846,26,21830.0
IMGN.PRO,839.2,5,4196.0
Skystone Games,837.125,8,6697.0
Pillow Fight,836.6,5,4183.0
Trese Brothers,835.0,5,4175.0
Maximum Entertainment,834.9714285714285,35,29224.0
东游鉴,832.0,5,4160.0
GexagonVR,822.8,5,4114.0
Minor Key Games,822.6666666666666,9,7404.0
Ankama Games,816.0,8,6528.0
Lonely Troops,813.5454545454545,11,8949.0
Sunflower Ocean,813.5,6,4881.0
Playdek,795.6666666666666,6,4774.0
DigitalEZ,794.1666666666666,6,4765.0
caiysware,788.0,7,5516.0
Screen 7,771.5,10,7715.0
Vertigo Games,753.5294117647059,17,12810.0
Siactro,752.2,5,3761.0
Beyond Frames,746.4285714285714,7,5225.0
Cyan Worlds Inc,741.2,10,7412.0
Wales Interactive,738.2173913043479,23,16979.0
Illwinter Game Design,736.875,8,5895.0
mirai works,734.1428571428571,7,5139.0
Whitethorn Games,732.2941176470588,17,12449.0
Vantan Game Academy,728.1428571428571,7,5097.0
Iceberg Interactive,726.94,50,36347.0
迷糊的安安,725.8571428571429,7,5081.0
Room710Games,720.1666666666666,6,4321.0
Google,719.2857142857143,7,5035.0
inc.,718.75,12,8625.0
Live Motion Games,710.4,5,3552.0
DMM GAMES,705.1428571428571,7,4936.0
Home Net Games,701.4,10,7014.0
Hanako Games,699.8333333333334,12,8398.0
Mediascape Co.,699.7333333333333,15,10496.0
Schell Games,691.8181818181819,11,7610.0
KOMODO,681.8947368421053,95,64780.0
Senpai Studios,678.2631578947369,19,12887.0
34BigThings srl,677.8,5,3389.0
Retrovibe,677.2222222222222,9,6095.0
Nival,677.1428571428571,7,4740.0
Hook Games,675.3333333333334,12,8104.0
Aleksandr Golovkin,675.0,6,4050.0
WayForward,673.3157894736842,19,12793.0
Travellin Cats,668.7142857142857,7,4681.0
Draknek & Friends,668.2,5,3341.0
Clarus Victoria,667.4,5,3337.0
Euphoric Brothers,664.625,8,5317.0
Super Rare Originals,662.3333333333334,9,5961.0
Headup,659.5882352941177,51,33639.0
INDIECN,657.7647058823529,17,11182.0
Rogue Duck Interactive,654.5714285714286,7,4582.0
Gamersky Games,650.5942028985507,69,44891.0
Abiding Bridge,649.6666666666666,6,3898.0
INTI CREATES CO.,646.2777777777778,18,11633.0
Studio Élan,643.1428571428571,7,4502.0
Studio Elan,643.1428571428571,7,4502.0
Lovely Games Hentai Club,642.5555555555555,9,5783.0
Wandering Wizard,639.0,5,3195.0
Atari,634.9577464788732,71,45082.0
PID Games,634.6969696969697,33,20945.0
Neverland Entertainment,632.0,9,5688.0
Sixteen Tons Entertainment,628.6,5,3143.0
Thylacine Studios LLC,626.6,5,3133.0
RIVER CROW STUDIO,624.8,5,3124.0
Rake in Grass,624.6666666666666,9,5622.0
Sim Farm S.A.,620.2,5,3101.0
Application Systems Heidelberg,617.9375,16,9887.0
Creepy Brothers,616.875,8,4935.0
Octavi Navarro,607.5,8,4860.0
NIS America,607.4150943396227,53,32193.0
npckc,606.8,5,3034.0
The Quantum Astrophysicists Guild,595.2222222222222,9,5357.0
Choice Provisions,591.5833333333334,12,7099.0
Mode 7,590.8,5,2954.0
Nomad Games,585.3636363636364,11,6439.0
Chilla's Art,579.8571428571429,21,12177.0
DYA Games,560.6,5,2803.0
SC Jogos,559.4666666666667,15,8392.0
KishMish Games,559.4285714285714,7,3916.0
Heartbit Interactive,558.4,5,2792.0
8Floor,556.1388888888889,36,20021.0
Disney,552.796875,64,35379.0
Shape Shop,551.8,5,2759.0
MangaGamer,551.4754098360655,61,33640.0
TALESSHOP Co.,551.2307692307693,13,7166.0
N3V Games,549.0,7,3843.0
Winged Cloud,548.1276595744681,47,25762.0
Vaka Game Magazine,547.4375,16,8759.0
IndieGala,545.7,10,5457.0
K Bros Games,538.5,8,4308.0
Marjupi Games,536.0,5,2680.0
Retroware,531.3333333333334,9,4782.0
Desert Fox,519.8,5,2599.0
Survios,519.4285714285714,7,3636.0
Midnight City,517.2,5,2586.0
Microids,510.40909090909093,88,44916.0
Kazakov Oleg,502.2857142857143,7,3516.0
Apogee Entertainment,500.6842105263158,19,9513.0
Blendo Games,499.8333333333333,6,2999.0
indie.io,495.65384615384613,78,38661.0
Chibig,495.6,5,2478.0
Top Hat Studios,493.4166666666667,12,5921.0
10tons Ltd,493.3125,16,7893.0
Slitherine Ltd.,491.1057692307692,104,51075.0
Ravenage Games,487.57142857142856,14,6826.0
Tortuga Team,486.6666666666667,6,2920.0
Eternal Dream,485.3333333333333,9,4368.0
SOFTSTAR ENTERTAINMENT,483.46875,32,15471.0
Petroglyph,483.3333333333333,6,2900.0
Chubby Pixel,473.6666666666667,12,5684.0
Big Ant Studios,470.6666666666667,9,4236.0
Rabbiton,470.2,5,2351.0
room6,469.6,5,2348.0
Samurai Punk,469.3333333333333,6,2816.0
RockGame S.A.,469.2857142857143,7,3285.0
Snapbreak,467.44444444444446,9,4207.0
Bossa Studios,465.6666666666667,6,2794.0
Notovia,465.625,8,3725.0
LTD,464.1904761904762,21,9748.0
Green Lava Studios,464.0,6,2784.0
FondGame,463.6666666666667,6,2782.0
Forceight,462.2,5,2311.0
Ultimate Games S.A.,461.7586206896552,29,13391.0
Kagura Games,460.43225806451613,155,71367.0
Cloak and Dagger Games,459.4,5,2297.0
Digital Leisure Inc.,457.5,6,2745.0
Deep Root Interactive,455.75,8,3646.0
Endless Loop Studios,455.2,10,4552.0
Gamera Game,453.1818181818182,11,4985.0
inkle Ltd,453.0,7,3171.0
Saibot Studios,450.85714285714283,7,3156.0
USERJOY Technology Co.,448.3125,16,7173.0
Phoenix Games,447.0769230769231,13,5812.0
Bushiroad Inc.,447.0,9,4023.0
Silver Lining Interactive,446.1904761904762,21,9370.0
Handelabra Games Inc.,446.14285714285717,7,3123.0
Analgesic Productions,445.6,5,2228.0
Konnichiwa Games,445.5,10,4455.0
ETime Studio,445.1666666666667,6,2671.0
HappyGames,444.0,5,2220.0
方块游戏(CubeGame),441.77777777777777,27,11928.0
Gotcha Gotcha Games,439.7142857142857,35,15390.0
Grindstone,438.2,5,2191.0
Arcen Games,438.125,8,3505.0
FIVE-BN GAMES,431.9259259259259,27,11662.0
Gravity Interactive,429.42857142857144,7,3006.0
Snowbird Games,429.0,5,2145.0
Black Forest Games,427.2,5,2136.0
aNCHOR Inc.,427.0833333333333,12,5125.0
BlueLine Games,426.8,5,2134.0
Yunus Ayyildiz,426.0,5,2130.0
3D Realms,425.6666666666667,21,8939.0
TB Games,422.8333333333333,6,2537.0
TheGamesFortress,422.0,11,4642.0
Bitten Toast Games Inc.,421.6666666666667,6,2530.0
PQube,420.40625,64,26906.0
致意,420.14285714285717,7,2941.0
Scumhead,419.0,6,2514.0
RewindApp,411.6304347826087,46,18935.0
Firesquid,410.8,5,2054.0
Ishtar Games,408.2,5,2041.0
HandyGames,407.8474576271187,59,24063.0
Torture Star Video,406.85714285714283,7,2848.0
HeartBeat Plus,404.1666666666667,6,2425.0
Untold Tales,403.1904761904762,42,16934.0
Resolution Games,402.0,6,2412.0
Rain Games,401.4,5,2007.0
SlimeSmile,397.2,5,1986.0
GrabTheGames,397.14473684210526,76,30183.0
Klabater,396.125,8,3169.0
Unbound Creations,394.1666666666667,6,2365.0
Steppe Hare Studio,394.14285714285717,7,2759.0
Nightdive Studios,392.3829787234043,94,36884.0
Hitcents,391.5833333333333,12,4699.0
SeedWall,391.0,11,4301.0
PUNKCAKE Delicieux,389.07142857142856,14,5447.0
Strange Scaffold,384.875,8,3079.0
yokaze,384.5,6,2307.0
Kurki.games,382.0,10,3820.0
Sigyaad Team,382.0,15,5730.0
eGames.com,380.0,7,2660.0
MDickie,376.6,10,3766.0
Yin Games,375.0,5,1875.0
505 Pulse,374.875,8,2999.0
Valkyrie Initiative,373.375,16,5974.0
Forever Entertainment S. A.,372.35714285714283,56,20852.0
XDEVS LTD,369.4,5,1847.0
Blazing Planet Studio,367.7142857142857,7,2574.0
DRAGAMI GAMES,365.2,5,1826.0
Ravenscourt,362.94444444444446,18,6533.0
HeroCraft PC,360.6666666666667,12,4328.0
Anatoliy Loginovskikh,359.88,25,8997.0
Northway Games,359.6,5,1798.0
Mana Games,353.0,5,1765.0
5minlab Corp.,351.0,5,1755.0
Games Incubator,349.27777777777777,18,6287.0
Coldwild Games,346.6363636363636,11,3813.0
Clouded Leopard Entertainment,346.3,10,3463.0
Fractal Projects,345.42857142857144,7,2418.0
Manic Hyena,338.4,5,1692.0
Tribute Games Inc.,337.57142857142856,7,2363.0
HIKE Inc.,336.8,5,1684.0
Pyramid Games S.A.,336.0,5,1680.0
OKJOY,335.25,16,5364.0
Artless Games,334.3333333333333,6,2006.0
Lingtan Studio,332.4,5,1662.0
Smilegate,330.1666666666667,6,1981.0
Puppygames,328.625,8,2629.0
Rabotiagi games,328.3333333333333,9,2955.0
Eroge Japan,327.8666666666667,15,4918.0
Shiravune,327.47058823529414,68,22268.0
072 Project,326.2857142857143,7,2284.0
eTIRUe,326.25,8,2610.0
Sanuk Inc.,325.2,5,1626.0
Artifex Mundi,324.26666666666665,75,24320.0
Rad Codex,324.2,5,1621.0
Mature Games,322.0,8,2576.0
Pixel Puzzles,320.9375,16,5135.0
isTom Games Kft.,320.5,6,1923.0
raptor lab,320.3333333333333,6,1922.0
pencil,316.0,6,1896.0
Astrolabe Games,315.64285714285717,14,4419.0
paulstephendavis,313.14285714285717,7,2192.0
Alcedo Games,310.25,8,2482.0
Gustav,308.6,5,1543.0
Pujia8 Studio,308.3157894736842,19,5858.0
Double Eleven,307.8,5,1539.0
VD Games,307.22222222222223,9,2765.0
Michaela Laws,306.42857142857144,7,2145.0
none,306.0,6,1836.0
Bonus Stage Publishing,303.7142857142857,14,4252.0
Clickteam,299.8333333333333,12,3598.0
Size Five Games,299.4,5,1497.0
Intragames,299.0,5,1495.0
Ripstone,295.8,15,4437.0
Breda University of Applied Sciences,294.5,16,4712.0
TERNOX,293.0,6,1758.0
Crew Lab,291.0,16,4656.0
GOCORE,290.1666666666667,6,1741.0
Aurora Punks,286.8,5,1434.0
Lovely Games,285.1621621621622,37,10551.0
Walter Machado,283.5882352941176,17,4821.0
Mehsoft,283.0,6,1698.0
Forthright Entertainment,280.57142857142856,7,1964.0
Frontwing USA,279.8484848484849,33,9235.0
MythicOwl,279.8333333333333,6,1679.0
InvertMouse,279.8,10,2798.0
Inc,278.6,30,8358.0
Phoenix Online Publishing,277.6875,16,4443.0
FreeMind S.A.,274.0,12,3288.0
Moonbit,274.0,8,2192.0
Jetdogs Studios,273.8,40,10952.0
Majesco Entertainment,273.44444444444446,9,2461.0
Paul Schneider,272.7142857142857,7,1909.0
Ducat,272.6,5,1363.0
GameMill Entertainment,272.1875,16,4355.0
Noodlecake,268.85714285714283,7,1882.0
Hamsters Gaming,268.0,5,1340.0
Bliss Brain,262.85714285714283,7,1840.0
Afterthought Studios,258.3333333333333,6,1550.0
Perp Games,257.6666666666667,6,1546.0
Rogue Games,256.93333333333334,15,3854.0
V Publishing,255.85714285714286,7,1791.0
Vagabond Dog,254.0,6,1524.0
Hawthorn Games,253.56666666666666,30,7607.0
bhungry,252.0,5,1260.0
吃了就睡工作室,250.16666666666666,6,1501.0
Very Very LITTLE Studio,249.71428571428572,7,1748.0
Game for people,246.46153846153845,13,3204.0
Back To Basics Gaming,244.16129032258064,31,7569.0
七彩绘色游戏,244.0,6,1464.0
Kavkaz Sila Games,242.6153846153846,13,3154.0
Tranquility games,241.78571428571428,14,3385.0
TurnVex,240.22222222222223,9,2162.0
Enlight Software Limited,238.125,8,1905.0
Admia,236.6,5,1183.0
Terapoly,236.6,5,1183.0
SCT,236.0,5,1180.0
Akella,235.5,6,1413.0
Digital Tribe,231.22222222222223,27,6243.0
Leonardo Interactive,230.8,5,1154.0
Anshar Publishing,230.66666666666666,9,2076.0
Studio Bean,230.4,5,1152.0
Secret Labo,229.83333333333334,6,1379.0
Rising Star Games,227.6,15,3414.0
TAITO CORP.,227.125,8,1817.0
Santa Ragione,226.0,5,1130.0
冷笑黑妖,225.88235294117646,17,3840.0
Raptor Claw Games,219.2,5,1096.0
Millendream,219.2,5,1096.0
ARTE France,218.55555555555554,9,1967.0
Every Single Soldier,218.2,5,1091.0
S.C. 16 BIT NIGHTS S.R.L.,218.0,5,1090.0
DigitalDream,217.375,8,1739.0
Dymchick1,217.0,6,1302.0
Crystal Shard,216.6,5,1083.0
Beijing Happy Entertainment Technology,215.14285714285714,7,1506.0
Stately Snail,211.7,10,2117.0
Ltd,210.7159090909091,88,18543.0
Retroism,210.625,8,1685.0
Humongous Entertainment,209.59375,32,6707.0
琉璃花糖制作组,208.2,5,1041.0
Green Man Gaming Publishing,206.6875,16,3307.0
Temple Gates Games,206.33333333333334,6,1238.0
Abylight Studios,204.71428571428572,7,1433.0
Soccer Manager Ltd,203.33333333333334,6,1220.0
Interplay Inc.,201.25,8,1610.0
Mastiff,199.85714285714286,7,1399.0
Revmatek,199.66666666666666,9,1797.0
Gamesforfarm,199.28571428571428,7,1395.0
Feardemic,196.85714285714286,7,1378.0
LoveStoryProject,195.375,16,3126.0
qureate,194.91666666666666,12,2339.0
SMU Guildhall,193.46666666666667,15,2902.0
Sigma Team Inc.,193.42857142857142,7,1354.0
Spiderweb Software,192.94736842105263,19,3666.0
The Iterative Collective,190.83333333333334,6,1145.0
Nukearts Studio,189.6,10,1896.0
Tilting Point,189.0,5,945.0
ESDigital Games,188.4794520547945,73,13759.0
Zima software,187.33333333333334,6,1124.0
Funbox Media Ltd,187.175,40,7487.0
Mihai Morosanu,187.125,8,1497.0
Guilty Pleasure Games,187.0,6,1122.0
Crunching Koalas,186.1,10,1861.0
Henteko Doujin,185.96969696969697,33,6137.0
Digerati,184.52,25,4613.0
Quantized Bit,180.2,5,901.0
Starni Games,179.16666666666666,6,1075.0
凝冰剑斩,178.7,10,1787.0
PixelGreeds,178.4,5,892.0
Mastertronic,178.0,5,890.0
电钮组,177.16666666666666,6,1063.0
7DOTS,175.875,8,1407.0
Stas Shostak,175.6,5,878.0
MIROWIN,175.28571428571428,7,1227.0
Tender Claws,173.4,5,867.0
mc2games,173.125,8,1385.0
HeadArrow,172.8,5,864.0
WindField Games,172.1,20,3442.0
Twilight Sonata Studio,171.0,6,1026.0
holo Indie,170.9090909090909,11,1880.0
SOEDESCO,170.71428571428572,21,3585.0
CINEMAX GAMES,170.6,10,1706.0
Cotton Game,170.53846153846155,13,2217.0
Anate Studio,170.4,5,852.0
Doomster Entertainment,169.4,5,847.0
Steelkrill Studio,168.83333333333334,6,1013.0
STP WORKS,168.4,5,842.0
Ghostlight LTD,168.35714285714286,14,2357.0
No.25,168.125,8,1345.0
Hexage,168.0,5,840.0
Different Tales,167.0,5,835.0
Digital Crafter,166.5,8,1332.0
JoyBits Ltd.,164.85714285714286,14,2308.0
ZOV GAME STUDIO,162.2,5,811.0
Pinel Games,162.0,5,810.0
Windybeard,161.28571428571428,7,1129.0
Gaming Factory,161.0,10,1610.0
FreezeNova,159.88888888888889,18,2878.0
BattleGoat Studios,159.83333333333334,6,959.0
Paleno Games,159.66666666666666,6,958.0
Aksys Games,156.54545454545453,11,1722.0
Factus Games,156.0,5,780.0
0Cube,154.21428571428572,14,2159.0
OTAKU Plan,153.74074074074073,54,8302.0
Midnight Games,153.28571428571428,7,1073.0
Kairosoft Co.,152.78571428571428,42,6417.0
SA Industry,152.3956043956044,91,13868.0
Red Limb Studio,150.66666666666666,6,904.0
Soldak Entertainment,149.5,6,897.0
Big Fat Simulations Inc.,148.6,5,743.0
Out of the Park Developments,148.22222222222223,9,1334.0
Age of Fear,147.85714285714286,7,1035.0
First Break Labs,147.4,5,737.0
-,147.16666666666666,6,883.0
Vladimir Maslov,145.5,8,1164.0
SuperGG.com,144.6,5,723.0
Erotes Studio,144.0,5,720.0
Gagonfe,143.875,8,1151.0
REMIMORY,143.8,5,719.0
Natsume Inc.,143.0,8,1144.0
Excalibur Publishing,142.66666666666666,9,1284.0
Black Lime Studio,141.5,6,849.0
Another Indie,140.83333333333334,6,845.0
ISY,140.42857142857142,7,983.0
rokaplay,140.0,11,1540.0
Merlino Games,139.2,5,696.0
exosyphen studios,139.16666666666666,6,835.0
KEMCO,137.58490566037736,53,7292.0
KISS ltd,137.375,16,2198.0
Specialbit Studio,136.33333333333334,6,818.0
Hajime Doujin Circle,135.4,5,677.0
Indovers Studio,135.16666666666666,6,811.0
Chorus Worldwide Games,134.88235294117646,17,2293.0
Gigantum Games,134.2,5,671.0
G-DEVS.com,134.0,6,804.0
Phoenix_co,133.83333333333334,6,803.0
Reverb Triple XP,133.57142857142858,7,935.0
Kiddy,133.53333333333333,15,2003.0
CreativeForge Games,132.21428571428572,14,1851.0
Simon Eftestol,131.33333333333334,6,788.0
OnSkull Games,131.28571428571428,7,919.0
Funktronic Labs,129.6,5,648.0
Insane Dreamers,129.16666666666666,6,775.0
lamb of game,129.14285714285714,7,904.0
Brain Seal Ltd,127.85714285714286,7,895.0
Satur Entertainment,127.7,10,1277.0
Argent Games,127.5,8,1020.0
Neoclassic Games,127.16666666666667,6,763.0
HeR Interactive,127.05,20,2541.0
Skywalker HK,127.0,6,762.0
Firestoke,127.0,5,635.0
ebi-hime,126.63636363636364,33,4179.0
Kodansha,126.2,5,631.0
Napas Torteeka,126.0,5,630.0
Google Inc.,123.77777777777777,9,1114.0
Plug In Digital,123.73636363636363,110,13611.0
Studio Goya,123.5,10,1235.0
TyGAMES,121.77777777777777,9,1096.0
Eversim,121.66666666666667,6,730.0
Phoenixx Inc.,121.22222222222223,18,2182.0
Culture Select,121.16666666666667,6,727.0
Whale Rock Games,120.9090909090909,22,2660.0
Flat Cat Games,119.1,10,1191.0
Flyhigh Works,118.82142857142857,28,3327.0
Nova-box,117.4,5,587.0
ANPA.US,117.35,20,2347.0
Sheer Studios,117.2,5,586.0
USANIK STD,116.16666666666667,6,697.0
TIKIPOD,116.0,5,580.0
Waku Waku Games,115.3125,16,1845.0
Pugware,114.33333333333333,6,686.0
Teamey,112.84210526315789,19,2144.0
JustTomcuk,112.8,5,564.0
FeelThere,112.6,5,563.0
Zoo Corporation,112.5625,32,3602.0
FM Studio,111.8,5,559.0
Far Few Giants,111.16666666666667,6,667.0
New Reality Games,109.80952380952381,21,2306.0
upjers,109.61538461538461,13,1425.0
Crankage Games,108.8,5,544.0
Dejobaan Games,108.28571428571429,7,758.0
Cobra Mobile,108.28571428571429,7,758.0
Valorware,108.11111111111111,9,973.0
GameXP.com,107.6,5,538.0
Yai Gameworks,107.27272727272727,11,1180.0
Zeiva Inc,106.54545454545455,11,1172.0
Volens Nolens Games,105.9,50,5295.0
RedFox Games,105.8,5,529.0
Hound Picked Games,105.7,10,1057.0
Take Toad,104.0,5,520.0
Accelerate Games,104.0,15,1560.0
Ithaqua Labs,103.16666666666667,6,619.0
TenkaiGames,103.0,5,515.0
Zetsubou,103.0,8,824.0
Dogenzaka Lab,102.9375,16,1647.0
Dharker Studios,102.55555555555556,18,1846.0
Neko Entertainment,102.4,5,512.0
Way Down Deep,102.28571428571429,7,716.0
DigiPen Institute of Technology,102.10810810810811,37,3778.0
BottleCube inc.,101.6,5,508.0
Phat Phrog Studios,100.85714285714286,7,706.0
pixel games SARL-S,100.6,5,503.0
Electronic Sheep Games,100.5,10,1005.0
Wenkly Studio Sp. z o.o.,100.16666666666667,6,601.0
PsychoFlux Entertainment,100.13559322033899,59,5908.0
Fantasia Studio,100.0,5,500.0
Wholetone Games,99.46153846153847,13,1293.0
Airem,99.25,8,794.0
Starship Studio,99.0625,16,1585.0
LeonWaan Games,98.6,5,493.0
TrerPlay,98.4,5,492.0
Light of Creators,98.0625,16,1569.0
Lazrool,97.4,5,487.0
616 GAMES,96.58333333333333,12,1159.0
Rockin' Android,96.55555555555556,9,869.0
Anarchy Enterprises,96.0,6,576.0
Mens Sana Interactive,95.83333333333333,18,1725.0
NAISU,95.6,5,478.0
Fast Travel Games,94.27272727272727,11,1037.0
BrainGoodGames,94.16666666666667,6,565.0
Flying Interactive,93.92307692307692,13,1221.0
Nova's Army,93.33333333333333,6,560.0
Kikai Digital,93.28571428571429,7,653.0
Lock 'n Load Publishing,93.2,5,466.0
United Independent Entertainment,93.18181818181819,11,1025.0
AFBIK Studio,92.29411764705883,17,1569.0
Baltoro Games,91.6,5,458.0
Digital Eclipse,91.4,10,914.0
LUK KUS SOFT,91.0,6,546.0
SUNSOFT,89.0,7,623.0
Punx Studios,88.2,5,441.0
Appnori Inc.,87.66666666666667,6,526.0
Dieselmine,87.44444444444444,9,787.0
Outright Games Ltd.,86.66666666666667,45,3900.0
Kenny Sun,86.6,5,433.0
DDreams Games,86.2,5,431.0
Beshbarmak games,86.0,5,430.0
Sometimes You,85.51428571428572,35,2993.0
Acram Digital,85.5,8,684.0
GRAVITY,85.2,5,426.0
Matt Glanville,84.6,5,423.0
Narko Games,84.4,5,422.0
City Interactive S.A.,84.25,8,674.0
SHEN JIAWEI,84.16666666666667,6,505.0
NanningsGames,84.03225806451613,31,2605.0
Tin Man Games,83.93333333333334,15,1259.0
Unfinished Pixel,83.16666666666667,6,499.0
Boom Games,83.0,5,415.0
GTGD,82.33333333333333,6,494.0
Panda Indie Studio,82.0,6,492.0
Anvate Games,81.8,5,409.0
Peaksel,81.7,10,817.0
DLsite,81.4,20,1628.0
Vincent Lade,81.33333333333333,6,488.0
Jeremy Couillard,81.2,5,406.0
East2West Games,81.0,9,729.0
JanduSoft,80.0,34,2720.0
Sylph,79.4,5,397.0
Sokpop Collective,78.93827160493827,81,6394.0
Zojoi,78.66666666666667,9,708.0
IR Studio,78.375,8,627.0
RedKar Devs,78.16666666666667,6,469.0
Ghost_RUS Games,77.8125,32,2490.0
RunServer,77.52941176470588,17,1318.0
Yume Creations,77.16666666666667,6,463.0
Euphoria Games,76.28571428571429,7,534.0
Tonguç Bodur,76.28,25,1907.0
Sedoc LLC,76.25,8,610.0
Mommy's Best Games,75.5,6,453.0
Sinned Games,75.08333333333333,12,901.0
QUByte Interactive,74.77272727272727,22,1645.0
Schmidt Workshops,74.5,6,447.0
Invictus Games Ltd.,73.8,5,369.0
Dynamic Games,73.625,8,589.0
T-Time Technology CO.,73.61538461538461,13,957.0
Perverse Games,73.57142857142857,7,515.0
LLC.,72.9090909090909,22,1604.0
Blowfish Studios,72.73333333333333,15,1091.0
AppSir Games,72.6,5,363.0
David Pateti,72.6,5,363.0
GZ Storm,71.91666666666667,12,863.0
Bigosaur,71.83333333333333,6,431.0
KuKo,71.78787878787878,33,2369.0
Robert Alvarez,71.16666666666667,6,427.0
Gamera Interactive,71.05882352941177,17,1208.0
Axyos Games,70.83333333333333,6,425.0
Viva Media,70.11111111111111,18,1262.0
Giiku Games,69.66666666666667,6,418.0
T-Bull,69.4,5,347.0
Interplay Entertainment Corp.,69.12,25,1728.0
ondydev,69.0,5,345.0
russpuppy,67.66666666666667,12,812.0
Thedox Games,67.6,5,338.0
Vergiu,67.0,8,536.0
KIMIDORI SOFT,66.33333333333333,12,796.0
Amaterasu Software,66.25,12,795.0
CFK Co.,65.87096774193549,31,2042.0
Grey Alien Games,65.82926829268293,41,2699.0
3dm_live_wallpapers,65.76923076923077,13,855.0
Siberian Mouse,65.72727272727273,11,723.0
Flying Islands Team,65.42857142857143,7,458.0
Phr00t's Software,65.06666666666666,15,976.0
Thomas K. Young,64.85714285714286,7,454.0
GameHouse,64.69565217391305,46,2976.0
REVVALUTION Studio,64.5,6,387.0
Astrea,64.44444444444444,9,580.0
DIGIDICED,63.625,8,509.0
Funny Games,63.4,5,317.0
WRF Studios,63.25,8,506.0
Axis Games,62.875,8,503.0
No Gravity Games,62.8,15,942.0
橙光游戏,62.388888888888886,36,2246.0
Art Games Studio S.A.,62.25,8,498.0
ClickGames,62.2,5,311.0
James Earl Cox III,62.2,5,311.0
www.Spellbook.com,62.0,5,310.0
Ocean Media LLC,62.0,5,310.0
Cleverweek,61.0,5,305.0
Minimol Games,60.06896551724138,29,1742.0
Montee Games,60.0,5,300.0
Korvinrular,59.8,5,299.0
JingtuStudio,59.625,8,477.0
Minicactus Games,59.61538461538461,13,775.0
CyberStep,59.166666666666664,12,710.0
Xitilon,59.09090909090909,11,650.0
indie_games_studio,58.8,5,294.0
Wave Light Games Inc.,58.8,5,294.0
Meng Games,58.5,16,936.0
Cosmic Void,58.333333333333336,6,350.0
MyDreamForever,57.5,6,345.0
UniqueGames Publishing GmbH,57.4,5,287.0
Strategy First,57.333333333333336,84,4816.0
RainbowStudio,56.833333333333336,6,341.0
Sounding Stone / 老奉毊,56.714285714285715,7,397.0
Surprise Attack,56.5,6,339.0
TheGamePublisher.com,56.4,10,564.0
Ivanovich Games,56.0,13,728.0
PixelHeart,55.55555555555556,9,500.0
YAW Studios,55.416666666666664,12,665.0
Liquid Meow,55.4,5,277.0
Amonga99,55.0,5,275.0
Conglomerate 5,54.68032786885246,122,6671.0
FastGame,54.0,5,270.0
Daisy Games,53.666666666666664,9,483.0
Deceptive Games Ltd.,53.6,5,268.0
Co.,52.8,5,264.0
CodeManu,52.8,5,264.0
Hosted Games,52.71084337349398,83,4375.0
Sapphire Dragon Productions,52.61538461538461,13,684.0
Hunny Bunny Studio,52.607142857142854,28,1473.0
Corrosive Studios LLC,52.333333333333336,6,314.0
Crystal Game Works,52.285714285714285,7,366.0
Movavi Software,52.285714285714285,7,366.0
Rising Moon Games,51.72727272727273,11,569.0
MojoTouch,51.6,5,258.0
Cosmi Valusoft,51.27272727272727,11,564.0
Clique Games,50.45454545454545,11,555.0
AAD Productions,49.833333333333336,6,299.0
Snkl Studio,49.8,25,1245.0
Peach Rain,49.666666666666664,6,298.0
cdhy interactive,49.57142857142857,7,347.0
Naoka Games,49.44444444444444,9,445.0
Hanabi Games,49.27272727272727,11,542.0
ASK_GAMES,48.8,5,244.0
Choice of Games,48.75,136,6630.0
Spelkollektivet,48.714285714285715,7,341.0
HeroLabs,48.6,5,243.0
Adventure Islands,48.285714285714285,7,338.0
Aldorlea Games,48.22727272727273,44,2122.0
Saikey Studios,48.2,15,723.0
Ziggurat,47.808510638297875,94,4494.0
Pinhead Games,47.666666666666664,6,286.0
BadLand Publishing,47.57142857142857,7,333.0
Graverobber Foundation,47.44444444444444,9,427.0
Pleasant Rain Ltd,46.857142857142854,7,328.0
AMG GAMES,46.8,10,468.0
None,46.625,24,1119.0
Wild Rooster,46.6,5,233.0
RMAsia,46.535714285714285,28,1303.0
InArcade,46.5,6,279.0
Sunlight Games,46.2,5,231.0
Absolutist Ltd.,45.4,10,454.0
Self,45.166666666666664,6,271.0
Battenberg Software,45.0,5,225.0
DOSMan Games,45.0,5,225.0
NedoStudio,44.4,10,444.0
Brouillard,44.333333333333336,6,266.0
Team Grybanser Fox,44.333333333333336,6,266.0
Seito Games,44.0,5,220.0
Oddscure,44.0,5,220.0
Brenntkopf Publishing,44.0,5,220.0
Hanaji Games,43.6,5,218.0
RMking,43.333333333333336,6,260.0
RhinoGearz,43.0,6,258.0
Alawar Casual,42.98019801980198,101,4341.0
Blender Games,42.89473684210526,57,2445.0
Mythical City Games,42.833333333333336,6,257.0
Lu,42.8235294117647,17,728.0
JOZGames,42.666666666666664,9,384.0
Hunted Cow Games,42.470588235294116,34,1444.0
Bleem!,42.42307692307692,26,1103.0
dramatic create,42.333333333333336,6,254.0
SNEG,42.255319148936174,47,1986.0
rondomedia GmbH,42.166666666666664,6,253.0
Movavi,42.166666666666664,6,253.0
Interplay,42.0,14,588.0
PanGuoJun,42.0,8,336.0
Antizero company,42.0,5,210.0
KaleidoGames,41.4,5,207.0
Nkidu Games Inc.,41.333333333333336,6,248.0
CITY CONNECTION,41.148148148148145,27,1111.0
kurigamedev,41.0,5,205.0
Day Dreamer Games,40.714285714285715,7,285.0
E McNeill,40.5,6,243.0
Remix Games,40.375,8,323.0
b-alive gmbh,40.15384615384615,13,522.0
Winter Wolves,40.0,30,1200.0
Midori Games / みどりげーむず,40.0,5,200.0
GoGo Games Interactive,39.916666666666664,12,479.0
Mystael studio,39.8,5,199.0
KomBits Game Studio,39.333333333333336,6,236.0
QubicGames,39.17857142857143,28,1097.0
Nyanco Channel,39.142857142857146,7,274.0
Nibb Games,39.111111111111114,9,352.0
Adam DeLease,39.0,5,195.0
VRKiwi,39.0,12,468.0
Doesn't Matter Games,38.875,8,311.0
resnijars,38.8,5,194.0
Performance Artist,38.7,10,387.0
Cronostase,38.44444444444444,9,346.0
DevilishGames,38.285714285714285,7,268.0
Abyssal Studios,37.888888888888886,9,341.0
FobTi interactive,37.857142857142854,7,265.0
Rainbow Games,37.1,10,371.0
Cult Software,37.0,7,259.0
Next Game,37.0,16,592.0
Ratalaika Games S.L.,36.82857142857143,35,1289.0
Alternative Software Ltd,36.72222222222222,18,661.0
Throwback Entertainment,36.625,8,293.0
유진게임즈,36.57142857142857,7,256.0
Gamedust,36.166666666666664,6,217.0
Flynn's Arcade,36.142857142857146,7,253.0
GC Games,36.0,5,180.0
MumboJumbo,36.0,6,216.0
EnsenaSoft,35.9375,16,575.0
Avalon Digital,35.87096774193548,31,1112.0
Apskeppet,35.625,8,285.0
Flying Star Games,35.6,5,178.0
Crisp App Studio,35.285714285714285,21,741.0
bitComposer Interactive GmbH,35.0,5,175.0
Soulwarmers Games,34.8,5,174.0
Astra Playroom,34.666666666666664,6,208.0
DangerousBob Studio LLC,34.6,5,173.0
Green Sauce Games,34.5,16,552.0
okyakusama,34.44444444444444,9,310.0
Thalamus Digital,33.916666666666664,12,407.0
XOCUS,33.666666666666664,6,202.0
Libredia Entertainment,33.625,8,269.0
Legacy Games,33.6,5,168.0
hOSHI,33.57142857142857,7,235.0
TERARIN GAMES,33.5,8,268.0
ROSEVERTE,33.45454545454545,11,368.0
SEEP,33.388888888888886,18,601.0
ben lunato,33.2,5,166.0
tjern,33.0,5,165.0
iMel,33.0,7,231.0
chengcong,33.0,5,165.0
Red twice potato,32.92857142857143,14,461.0
Musa GUNGOR,32.875,8,263.0
Nonsense Machine,32.833333333333336,6,197.0
Qumaron,32.666666666666664,33,1078.0
Supernova Games,32.666666666666664,6,196.0
BekkerDev Studio,32.46153846153846,13,422.0
GoldenGod Games,32.25,8,258.0
Oh,32.111111111111114,9,289.0
a Rock! Studios,32.111111111111114,9,289.0
Pro Strategy Games,31.875,8,255.0
2Awesome Studio,31.818181818181817,11,350.0
Starwind Games,31.8,5,159.0
Interactive Gaming Studios,31.6,5,158.0
Vive Studios,31.5,6,189.0
Chris Antoni,30.666666666666668,9,276.0
Icehelm,30.5,6,183.0
Old School Vibes,30.4,10,304.0
Crescent Moon Games,30.294117647058822,17,515.0
New Dawn Game Studio,30.2,5,151.0
Piko Interactive LLC,30.09090909090909,33,993.0
Galactic Crows,29.666666666666668,6,178.0
Woodsy Studio,29.285714285714285,7,205.0
哈视奇科技,29.0,5,145.0
Strategic Designs Ltd.,29.0,6,174.0
10mg,29.0,9,261.0
Gray Boss,29.0,9,261.0
727 Not Hound,28.727272727272727,11,316.0
Tegridy Made Games,28.642857142857142,14,401.0
Yaeko,28.3125,16,453.0
AK Studio,28.166666666666668,12,338.0
N/A,28.15,20,563.0
Drageus Games S.A.,27.875,8,223.0
LunaBeat,27.8,5,139.0
GFI,27.714285714285715,7,194.0
Cow Games,27.6,15,414.0
Runesoft GmbH,27.6,5,138.0
Sensen Games,27.6,5,138.0
PolarityFlow,27.5,6,165.0
Silver Cow Studio,27.428571428571427,7,192.0
Eclipse Games,27.4,5,137.0
Blue Entropy Studios,27.4,5,137.0
Frontline: Games Series,27.285714285714285,7,191.0
Half-Face Games,27.25,8,218.0
Lycian Studio,27.2,5,136.0
M.INDIE,27.0,12,324.0
BokiBoki Games,26.90909090909091,11,296.0
BokiBoki Game,26.90909090909091,11,296.0
Ominous Entertainment,26.88888888888889,9,242.0
mebius.,26.857142857142858,7,188.0
Velsin,26.666666666666668,6,160.0
NipoBox Publishing,26.5,6,159.0
DXF Games,26.5,6,159.0
LU QI,26.428571428571427,7,185.0
derevotyan,26.428571428571427,7,185.0
BufoProject,26.22222222222222,9,236.0
Mikołaj Spychał,26.142857142857142,14,366.0
Sprovieri Games,26.142857142857142,7,183.0
Clear River Games,26.1,20,522.0
Happy Home Company,26.0,7,182.0
SVGames,25.833333333333332,12,310.0
Enkian Games,25.8,5,129.0
Wolfs Moon Studios,25.75,12,309.0
NLB project,25.714285714285715,7,180.0
netmin games,25.6,5,128.0
Gunnar Games,25.375,8,203.0
PigeonDev,25.333333333333332,6,152.0
QZQ Studio,25.130434782608695,23,578.0
The Revills Games,25.0,11,275.0
PS Games,25.0,6,150.0
KPL,24.857142857142858,14,348.0
First Games Interactive,24.75,8,198.0
WASABI entertainment,24.636363636363637,11,271.0
Khud0,24.428571428571427,7,171.0
OZNA STUDIO,24.285714285714285,7,170.0
Luna Apps,24.2,5,121.0
Sacada,24.0,21,504.0
Dead Drop Studios LLC,23.77777777777778,9,214.0
GCN,23.75,8,190.0
Laush Studio,23.7,120,2844.0
Bitlock Studio,23.666666666666668,21,497.0
Sergey Bobrov,23.666666666666668,6,142.0
John Wizard,23.6,5,118.0
Sonic Powered Co.,23.6,5,118.0
magicdweedoo,23.6,5,118.0
Kadragon,23.5,8,188.0
Playstige Interactive,23.363636363636363,11,257.0
G-MODE,22.805555555555557,36,821.0
Mindscape,22.77777777777778,9,205.0
David Mulder,22.714285714285715,7,159.0
Opala Project,22.714285714285715,7,159.0
Immersion,22.666666666666668,6,136.0
NowakGames,22.6,5,113.0
Bartoš Studio,22.5,6,135.0
ShortStackStudio,22.428571428571427,7,157.0
Space Fractal,22.4,5,112.0
Jujubee S.A.,22.333333333333332,6,134.0
Dr. Cyril Splutterworth,22.076923076923077,13,287.0
azimuth team,22.0,5,110.0
Overaction Game Studio,22.0,7,154.0
Aleksey Izimov,22.0,6,132.0
Sons of Welder,22.0,10,220.0
MUTAN,21.857142857142858,7,153.0
Wild River Games GmbH,21.666666666666668,6,130.0
kan.kikuchi,21.6,5,108.0
Tuomo's games,21.571428571428573,7,151.0
Galactic Geckon,21.5,8,172.0
CDIS,21.4,5,107.0
Cakewalk,21.333333333333332,6,128.0
OKSoft,21.0,5,105.0
Tribus Games Indie,20.88888888888889,9,188.0
Day Art's Games,20.833333333333332,6,125.0
Wise Box Studios,20.833333333333332,6,125.0
G. A. Williams,20.8,5,104.0
Fun Infused Games,20.75,8,166.0
Prime Bit Games SA,20.714285714285715,7,145.0
I commissioned some series,20.67924528301887,53,1096.0
Campus ADN,20.666666666666668,9,186.0
Coffee Studio,20.5,6,123.0
Celery Emblem™,20.4,5,102.0
SpielmannSpiel,20.375,8,163.0
phime studio LLC,20.285714285714285,7,142.0
Gammera Nest,20.25,12,243.0
My Way Games,20.16417910447761,67,1351.0
Roppy Chop Studios,20.0,5,100.0
HitherYon Games,20.0,5,100.0
Render System,19.857142857142858,7,139.0
Robotizar Games,19.857142857142858,7,139.0
Tero Lunkka,19.70909090909091,55,1084.0
EpiXR Games UG,19.704918032786885,61,1202.0
FM Simple Games Studio,19.7,10,197.0
Kajak Games,19.642857142857142,14,275.0
Yash Future Tech Solutions Pvt Ltd,19.6,5,98.0
Chilled Mouse,19.6,5,98.0
Frosted Wings Studio,19.22222222222222,9,173.0
Dracula's Cave,19.142857142857142,7,134.0
Best Place Apps,19.11111111111111,9,172.0
BBG Entertainment GmbH,19.0,5,95.0
Childish Things Ltd,19.0,6,114.0
LostVolBytes,19.0,5,95.0
Lillymo Games,19.0,5,95.0
Orangepixel,18.923076923076923,13,246.0
Vidas Salavejus,18.818181818181817,22,414.0
CCS,18.666666666666668,9,168.0
Digital Fusion Inc.,18.5,6,111.0
Blaze Epic,18.5,10,185.0
Error 300,18.133333333333333,15,272.0
RedDeer.Games,18.083333333333332,12,217.0
Storming Tech,18.0,5,90.0
Growfall Games,18.0,7,126.0
Blue Mana,17.8,5,89.0
Somnambulist Games,17.8,5,89.0
Game Museum,17.8,5,89.0
Warfare Studios,17.764705882352942,17,302.0
Andreev Worlds,17.6,5,88.0
LTZinc,17.57894736842105,19,334.0
HaDe Games,17.56,25,439.0
SpoocleMacBoogle,17.5,8,140.0
Fewjix,17.285714285714285,7,121.0
W.T.B.,17.210526315789473,19,327.0
Tbjbu2,17.2,5,86.0
SilentFuture,17.2,10,172.0
Anawiki Games,17.166666666666668,6,103.0
Ma Ma Software,17.166666666666668,6,103.0
Red Kraken studio,17.0,5,85.0
YarnCat Games,17.0,5,85.0
IV Productions,16.846153846153847,13,219.0
Sports Mogul,16.833333333333332,6,101.0
Renegade Sector Games,16.8,15,252.0
Mykhail Konokh,16.7,10,167.0
Simon Says: Play!,16.571428571428573,7,116.0
SEKTOR GAMES,16.5,6,99.0
Hidden Cats,16.333333333333332,6,98.0
SUCCESS Corp.,16.25,8,130.0
Independent,16.2,10,162.0
Funny Twins,16.166666666666668,6,97.0
CggtGroup,16.0,5,80.0
LunarCore Games,16.0,8,128.0
Challenging Games,16.0,5,80.0
Marvellous Soft,16.0,5,80.0
Team Syukino,15.8,10,158.0
Artur Rezende,15.785714285714286,14,221.0
Enoops,15.689655172413794,29,455.0
Rank17,15.666666666666666,6,94.0
familyplay,15.642857142857142,28,438.0
Inspector Studios,15.615384615384615,13,203.0
Oleg Sereda,15.5,6,93.0
Red Meat Games,15.4,5,77.0
Chequered Ink Ltd.,15.333333333333334,12,184.0
orange,15.333333333333334,6,92.0
ShineProject,15.166666666666666,6,91.0
Studio Inward,15.090909090909092,11,166.0
Quarlellle,15.052631578947368,19,286.0
ValkyrieInitiative,15.0,5,75.0
ChessBase GmbH,14.833333333333334,6,89.0
Pickle Drugs,14.714285714285714,7,103.0
Dnovel,14.709677419354838,31,456.0
Afil Games,14.7,10,147.0
MACKINN7,14.68421052631579,19,279.0
HugePixel,14.619047619047619,21,307.0
ZOOM Platform Media,14.533333333333333,15,218.0
Chun Y.,14.375,8,115.0
Markt+Technik Verlag GmbH,14.23076923076923,13,185.0
Fowers Games,14.2,5,71.0
lightUP,14.105263157894736,19,268.0
Moondolino,14.0,5,70.0
Higgs Games GmbH,14.0,9,126.0
Hard Shark Games,14.0,8,112.0
Bad Kid Games,14.0,6,84.0
Emblematic Group,14.0,5,70.0
Astronomic Games,14.0,5,70.0
Tea Monster Games,13.833333333333334,6,83.0
Ahlman Game Studio,13.714285714285714,7,96.0
Windforce,13.333333333333334,6,80.0
MFC STUDIO,13.333333333333334,6,80.0
MAGIX Software GmbH,13.227272727272727,22,291.0
Zerouno Games,13.222222222222221,9,119.0
TENSTACK,13.2,5,66.0
Ripknot Systems,13.102564102564102,39,511.0
Aged Immortals,12.875,8,103.0
Slippy Floor,12.875,8,103.0
HH-Games,12.858064516129032,155,1993.0
alex94i60,12.8,5,64.0
Libredia,12.76923076923077,13,166.0
Mindware,12.7,10,127.0
ShangkoStudio,12.625,8,101.0
Indiecode Games,12.6,5,63.0
ProjectorGames,12.5,6,75.0
Alawar Entertainment,12.4,5,62.0
ESAT,12.222222222222221,9,110.0
Colossus Game Studio,12.142857142857142,7,85.0
AnelaGamesStudio,12.125,8,97.0
Enaayah Software Development and Services Private Limited,12.117647058823529,17,206.0
白信鸽工作室,12.0,5,60.0
Girls Make Games,12.0,5,60.0
Studio2760,11.88888888888889,9,107.0
grin robot,11.875,8,95.0
Source Byte Sp. z o.o.,11.875,8,95.0
Yahaha Studios,11.777777777777779,9,106.0
Tim Rachor,11.75,8,94.0
Cateia Games,11.7,20,234.0
ACQUIRE Corp.,11.571428571428571,7,81.0
Pixel Games UK,11.507462686567164,67,771.0
indiegames3000,11.4,5,57.0
DillyFrame,11.368421052631579,19,216.0
艾露比工作室,11.333333333333334,6,68.0
kazakovstudios,11.307692307692308,13,147.0
Shinyuden,11.285714285714286,7,79.0
SUPERita,11.0,5,55.0
Stardock,11.0,8,88.0
Ferulox Studios,11.0,6,66.0
CyberLink,11.0,8,88.0
HandMade Games,10.972222222222221,36,395.0
Notus Games Ltd,10.9,10,109.0
Triority Interactive Novels,10.833333333333334,6,65.0
Eastasiasoft Limited,10.724137931034482,29,311.0
ApeHardware,10.714285714285714,7,75.0
AgeOfGames,10.666666666666666,6,64.0
Koch Media,10.666666666666666,9,96.0
Blessing Company,10.658536585365853,41,437.0
Leakage Games,10.6,5,53.0
Sub Orbital Software,10.6,5,53.0
Snowhaven Studios,10.4,5,52.0
Petite Fleur Productions,10.333333333333334,6,62.0
Boomzap Inc,10.204545454545455,44,449.0
Studio Six,10.2,5,51.0
ltd.,10.2,5,51.0
Ready To Play,10.2,5,51.0
William at Oxford,10.090909090909092,22,222.0
Valkyria Games,10.0,10,100.0
iGindisGames,10.0,5,50.0
ZaxtorGameS,9.923076923076923,13,129.0
KazakovStudios,9.8,5,49.0
Valkeala Software,9.75,24,234.0
Nikita Morti,9.75,8,78.0
Big Fish Games,9.629716981132075,424,4083.0
DigiMight,9.555555555555555,18,172.0
Heart's Choice,9.529411764705882,17,162.0
Nami Tentou,9.5,6,57.0
Gamesforgames,9.445652173913043,92,869.0
Rusimitu,9.4,5,47.0
Voltage Inc.,9.357142857142858,14,131.0
Silesia Games,9.333333333333334,6,56.0
FadyGames,9.333333333333334,9,84.0
HapGames,9.166666666666666,6,55.0
ChaniMK,9.0,10,90.0
LKMAD,8.714285714285714,7,61.0
meokigame,8.666666666666666,6,52.0
Nekomura Games,8.6,5,43.0
khukhrovr,8.571428571428571,21,180.0
CasGames,8.5,6,51.0
Nochi Studios,8.5,6,51.0
kovalevviktor,8.461538461538462,13,110.0
Wainstop James,8.363636363636363,11,92.0
FlagmanJeremy,8.307692307692308,13,108.0
Phoenix Reborn Games,8.25,8,66.0
origamihero games,8.2,5,41.0
PaulArt,8.142857142857142,7,57.0
RetroScope GM,8.0625,16,129.0
Popoko VM Games,8.0,5,40.0
TreeFall Studios L.L.C.,8.0,8,64.0
Archor Games,7.982142857142857,56,447.0
Crazysoft Limited,7.888888888888889,9,71.0
NCH Software,7.875,8,63.0
Redbrick Studios Ltd,7.833333333333333,6,47.0
Andy Jurko,7.823529411764706,17,133.0
RobProductions,7.8,5,39.0
Cosmocat,7.8,5,39.0
Piece Of Voxel,7.75,60,465.0
Louie Inc,7.739130434782608,23,178.0
Lieb,7.666666666666667,6,46.0
Boogygames Studios,7.652777777777778,72,551.0
Prince Game Studio,7.6,5,38.0
ITC Studio,7.6,5,38.0
Denda Games,7.571428571428571,14,106.0
M9 Games,7.428571428571429,7,52.0
Marginal act,7.428571428571429,7,52.0
nonPareil Institute,7.428571428571429,7,52.0
Hede,7.4,15,111.0
OrionSoft,7.4,5,37.0
NecroCatic Games,7.333333333333333,6,44.0
Wolverine Studios,7.25,20,145.0
Game Studio Abraham Stolk Inc.,7.166666666666667,6,43.0
Cannibal Interactive,7.166666666666667,6,43.0
EntwicklerX,7.125,8,57.0
Azerbaijan Technology,7.0,5,35.0
Vitok,7.0,9,63.0
Hardi,6.875,8,55.0
Arbatskii Anatolii,6.8,5,34.0
MixoGames Ltd.,6.8,10,68.0
STuNT,6.7105263157894735,38,255.0
NAPE GAMES,6.666666666666667,6,40.0
Arkhouse Telegnosis,6.6,5,33.0
Bolder Games,6.6,5,33.0
Neki4 Electronics,6.4,15,96.0
PhoenixFire Games,6.375,8,51.0
Phoenixxx Games,6.25,8,50.0
Erbe Software,6.181818181818182,11,68.0
Leonardo Alexandrino,6.166666666666667,6,37.0
MoonlightGames,6.111111111111111,9,55.0
8floor,6.087248322147651,149,907.0
NS,6.083333333333333,12,73.0
Vutune,6.083333333333333,12,73.0
16air,6.0,8,48.0
2ev1l,6.0,5,30.0
3DA,6.0,5,30.0
Indie,5.923076923076923,13,77.0
Rocky Studio,5.916666666666667,12,71.0
IndigoWare,5.875,8,47.0
IO Games,5.857142857142857,7,41.0
Ammonite Design Studios Ltd,5.818181818181818,11,64.0
baKno Games,5.7272727272727275,11,63.0
wow wow Games,5.666666666666667,6,34.0
RoBot,5.6,10,56.0
KoheiGallery,5.6,5,28.0
Fortcullis Games,5.571428571428571,7,39.0
Tom's Feral Cat Games,5.5,6,33.0
Tomas Daugela,5.5,6,33.0
Playtouch,5.428571428571429,7,38.0
Daniel Li,5.428571428571429,7,38.0
INFINITE BRIDGE,5.4,10,54.0
Fürst,5.4,5,27.0
Daisessen,5.375,8,43.0
Doubleton Game Studio,5.333333333333333,6,32.0
echomune,5.285714285714286,7,37.0
My Label Game Studio,5.285714285714286,7,37.0
Brewsterland Studios,5.076923076923077,13,66.0
Dikobraz Games,5.0,9,45.0
Mind Body Aware Games LLC,5.0,5,25.0
IzukawaN,5.0,5,25.0
Black Phoenix Studio,5.0,5,25.0
GVR Training Computer Software,5.0,7,35.0
StarSystemStudios,5.0,6,30.0
SAT-BOX,4.935483870967742,31,153.0
Do Games Limited,4.9,30,147.0
Kedexa,4.875,8,39.0
Kvass Da Valenki,4.833333333333333,6,29.0
Megu Studio,4.833333333333333,6,29.0
Stegalosaurus Game Development,4.823529411764706,17,82.0
LGV,4.8,25,120.0
DeilRoXEntertainment,4.8,5,24.0
Nacks Soft,4.666666666666667,9,42.0
MIRROR Soft,4.631578947368421,19,88.0
EF Universe Games LLC,4.6,5,23.0
Yamate,4.6,5,23.0
Pixel After Pixel,4.6,5,23.0
JimJams Games,4.5,8,36.0
Candy games studios,4.428571428571429,7,31.0
Orfeas Game Studio,4.4,5,22.0
MobileFusion Apps Ltd,4.333333333333333,6,26.0
UPCELL TELEKOMUNIKASYON LIMITED SIRKETI,4.333333333333333,9,39.0
WELOVEBOT CO.,4.2,5,21.0
OxygenStudio,4.0,5,20.0
Flying Panjandrum / ふらいんぐパンジャンドラム,4.0,5,20.0
Paul Connor,3.9,10,39.0
Dinosaur workshop,3.875,8,31.0
Little Black Book Entertainment,3.823529411764706,17,65.0
Fury Games Production,3.8,5,19.0
Cornutopia Software,3.75,8,30.0
Anamik Majumdar,3.611111111111111,18,65.0
Shoho Games,3.6,5,18.0
Rawi Studio,3.6,10,36.0
War Child Gaming,3.6,10,36.0
Angel Star Studios,3.6,5,18.0
Tuga Studios,3.6,5,18.0
eSolutions Nordic AB,3.5833333333333335,12,43.0
Click on things together,3.5,10,35.0
Cute Hannah's Games,3.4444444444444446,9,31.0
Ironcode Gaming,3.375,8,27.0
Fungamesvr,3.3333333333333335,6,20.0
SP GAMES,3.2857142857142856,7,23.0
Tamashii,3.2222222222222223,9,29.0
RealMono Inc.,3.2,5,16.0
Marafigo Games,3.2,5,16.0
Syntaxity,3.1666666666666665,6,19.0
Wanderful Interactive Storybooks,3.1666666666666665,6,19.0
Li Yin,3.0,6,18.0
cBlck,3.0,6,18.0
Thoth VR Health,3.0,5,15.0
GameDev_ToolMaker,3.0,5,15.0
Marc Brown Studios,3.0,5,15.0
LGT SIA,2.9696969696969697,33,98.0
HUNTERS,2.909090909090909,11,32.0
Casual Arts,2.8846153846153846,26,75.0
XSGames,2.875,8,23.0
Individual Software,2.8421052631578947,19,54.0
RedZyrro,2.8,5,14.0
African boy Keita studio,2.8,5,14.0
Super PowerUp Games,2.611111111111111,18,47.0
Kedronic UAB,2.6,5,13.0
Point8 Games Inc.,2.6,5,13.0
Indie Games Publisher,2.5,6,15.0
WINGLAY,2.4285714285714284,7,17.0
Seven Sails Games,2.3636363636363638,11,26.0
Soomka Games,2.2857142857142856,7,16.0
Ume Softworks,2.2,5,11.0
IKIGames,2.2,5,11.0
Schwan OG,2.1666666666666665,6,13.0
Bleem.net,2.142857142857143,7,15.0
Dog On God,2.0,6,12.0
me,1.8,10,18.0
Anima Games,1.8,5,9.0
LoadUpGames.com,1.7777777777777777,9,16.0
magnussoft,1.7,20,34.0
TigerQiuQiu,1.6666666666666667,6,10.0
QuickBobber,1.6,5,8.0
Novixx Systems,1.6,5,8.0
Aurora,1.4285714285714286,7,10.0
Michael Richard Lannon,1.4,5,7.0
3DI LLC,1.0,6,6.0
DoubleTapStudio,1.0,5,5.0
